{"cameraMode":{"drawMode":0,"name":"Shaded","section":"Shading Mode"},"sceneLighting":false,"audioPlay":false,"sceneViewState":{"showFog":true,"showMaterialUpdate":false,"showSkybox":false,"showFlares":true,"showImageEffects":true,"showParticleSystems":true},"in2DMode":false,"pivot":{"x":10.59000015258789,"y":1.25,"z":-12.319999694824219},"rotation":{"x":0.10867320001125336,"y":0.8685418963432312,"z":-0.21890868246555329,"w":0.43117937445640566},"size":2.838484525680542,"orthographic":false}